{
  "cesVersion": "2.18.3",
  "projectName": "reuseit",
  "packages": [
    {
      "name": "expo-router",
      "type": "navigation",
      "options": {
        "type": "drawer + tabs"
      }
    },
    {
      "name": "nativewind",
      "type": "styling"
    },
    {
      "name": "zustand",
      "type": "state-management"
    },
    {
      "name": "firebase",
      "type": "authentication"
    }
  ],
  "flags": {
    "noGit": false,
    "noInstall": false,
    "overwrite": false,
    "importAlias": true,
    "packageManager": "pnpm",
    "eas": true,
    "publish": false
  },
  "packageManager": {
    "type": "pnpm",
    "version": "8.6.6"
  },
  "os": {
    "type": "Darwin",
    "platform": "darwin",
    "arch": "arm64",
    "kernelVersion": "24.3.0"
  }
}
